<?xml version="1.0" encoding="UTF-8"?>
<!DOCTYPE mapper PUBLIC "-//mybatis.org//DTD Mapper 3.0//EN" 
"http://mybatis.org/dtd/mybatis-3-mapper.dtd">
<mapper namespace="com.helpyouworkeasy.persistence.ArticleMapper">

  <insert id="insertArticleInfo" parameterType="ArticleInfo">
    INSERT INTO tbl_article_info (belong_type,content,article_title,article_abstract,article_type,create_user_code,create_user_name,update_user_code,update_user_name,id,create_time,update_time,is_deleted,status)
    VALUES (#{belong_type},#{content},#{article_title}, #{article_abstract}, #{article_type}, #{create_user_code}, #{create_user_name}, #{update_user_code}, #{update_user_name}, #{id}, #{create_time}, #{update_time}, #{is_deleted}, #{status})
  </insert>

  <update id="updateArticleInfo" parameterType="ArticleInfo">
    update tbl_article_info set 
    belong_type=#{belong_type},article_title=#{article_title},content=#{content},article_abstract=#{article_abstract},article_type=#{article_type},update_user_code=#{update_user_code},update_user_name=#{update_user_name},update_time=#{update_time},status=#{status}
    where id=#{id}
  </update>

  <update id="deleteArticleInfo" parameterType="map">
    update tbl_article_info set is_deleted=1 where id=#{id}
  </update>

  <select id="getArticleInfoListCount" parameterType="map" resultType="int">
    select count(*) as value 
    from tbl_article_info where is_deleted=0 
    <if test="o.article_title != '' and o.article_title != null" >
      and article_title like '%${o.article_title}%'
    </if>
    <if test="o.article_type != '' and o.article_type != null" >
      and article_type=#{o.article_type}
    </if>
    <if test="o.belong_type != '' and o.belong_type != null" >
      and belong_type=#{o.belong_type}
    </if>
    <if test="o.create_user_code != '' and o.create_user_code != null" >
      and create_user_code=#{o.create_user_code}
    </if>
    <if test="time1 != -1" >
      and update_time>=#{time1}
    </if>
    <if test="time2 != -1" >
      and #{time2}>=update_time
    </if>
  </select>

  <select id="getArticleInfoPageList" parameterType="map" resultType="ArticleInfo">
    select 
     left(content,1000) as content,belong_type,article_title,article_abstract,article_type,create_user_code,create_user_name,update_user_code,update_user_name,id,create_time,update_time,is_deleted,status
    from tbl_article_info where is_deleted=0 
    <if test="o.article_title != '' and o.article_title != null" >
      and article_title like '%${o.article_title}%'
    </if>
    <if test="o.article_type != '' and o.article_type != null" >
      and article_type=#{o.article_type}
    </if>
    <if test="o.belong_type != '' and o.belong_type != null" >
      and belong_type=#{o.belong_type}
    </if>
    <if test="o.create_user_code != '' and o.create_user_code != null" >
      and create_user_code=#{o.create_user_code}
    </if>
    <if test="time1 != -1" >
      and update_time>=#{time1}
    </if>
    <if test="time2 != -1" >
      and #{time2}>=update_time
    </if>
  <if test="orderName != '' " >
    order by ${orderName} ${orderAZ}
  </if>
  limit #{pageStart},#{pageSize}
  </select>

  <select id="getArticleInfoById" parameterType="map" resultType="ArticleInfo">
    select 
    belong_type,article_title,article_abstract,content,article_type,create_user_code,create_user_name,update_user_code,update_user_name,id,create_time,update_time,is_deleted,status
    from tbl_article_info where id=#{id} 
  </select>


</mapper>