<?xml version="1.0" encoding="UTF-8"?>
<!DOCTYPE mapper PUBLIC "-//mybatis.org//DTD Mapper 3.0//EN" 
"http://mybatis.org/dtd/mybatis-3-mapper.dtd">
<mapper namespace="com.helpyouworkeasy.persistence.BaseInfoMapper">

  <insert id="insertCertificationUnit" parameterType="CertificationUnit">
    INSERT INTO tbl_certification_unit (unit_name,certification_user,id)
    VALUES (#{unit_name}, #{certification_user}, #{id})
  </insert>

  <update id="updateCertificationUnit" parameterType="CertificationUnit">
    update tbl_certification_unit set 
    unit_name=#{unit_name},certification_user=#{certification_user}
    where id=#{id}
  </update>
  
  <select id="getCertificationUnitById" parameterType="map" resultType="CertificationUnit">
    select 
    unit_name,certification_user,id
    from tbl_certification_unit where id=#{id} 
  </select>
  
  <delete id="deleteCertificationUnit" parameterType="map">
    delete from tbl_certification_unit where id=#{id}
  </delete>

  <select id="getCertificationUnitListCount" parameterType="map" resultType="int">
    select count(*) as value 
    from tbl_certification_unit where 1=1 
    <if test="o.unit_name != '' and o.unit_name != null" >
      and unit_name=#{o.unit_name}
    </if>
    <if test="o.certification_user != '' and o.certification_user != null" >
      and certification_user=#{o.certification_user}
    </if>
  </select>

  <select id="getCertificationUnitPageList" parameterType="map" resultType="CertificationUnit">
    select 
    unit_name,certification_user,id
    from tbl_certification_unit where 1=1 
    <if test="o.unit_name != '' and o.unit_name != null" >
      and unit_name=#{o.unit_name}
    </if>
    <if test="o.certification_user != '' and o.certification_user != null" >
      and certification_user=#{o.certification_user}
    </if>
  <if test="orderName != '' " >
    order by ${orderName} ${orderAZ}
  </if>
  limit #{pageStart},#{pageSize}
  </select>
  
  <select id="getCertificationUnitAllList" resultType="CertificationUnit">
    select 
    unit_name,certification_user,id
    from tbl_certification_unit  
  </select>
  
  <insert id="insertBrandProduct" parameterType="BrandProduct">
    INSERT INTO tbl_brand_product (brand_code,product_name,memo,id)
    VALUES (#{brand_code}, #{product_name}, #{memo}, #{id})
  </insert>

  <update id="updateBrandProduct" parameterType="BrandProduct">
    update tbl_brand_product set 
    brand_code=#{brand_code},product_name=#{product_name},memo=#{memo}
    where id=#{id}
  </update>
  
  <delete id="deleteBrandProduct" parameterType="map">
    delete from tbl_brand_product where id=#{id}
  </delete>

  <select id="getBrandProductListCount" parameterType="map" resultType="int">
    select count(*) as value 
    from tbl_brand_product where 1=1 
    <if test="o.brand_code != '' and o.brand_code != null" >
      and brand_code=#{o.brand_code}
    </if>
    <if test="o.product_name != '' and o.product_name != null" >
      and product_name=#{o.product_name}
    </if>
  </select>

  <select id="getBrandProductPageList" parameterType="map" resultType="BrandProduct">
    select 
    brand_code,product_name,memo,id
    from tbl_brand_product where 1=1 
    <if test="o.brand_code != '' and o.brand_code != null" >
      and brand_code=#{o.brand_code}
    </if>
    <if test="o.product_name != '' and o.product_name != null" >
      and product_name=#{o.product_name}
    </if>
  <if test="orderName != '' " >
    order by ${orderName} ${orderAZ}
  </if>
  limit #{pageStart},#{pageSize}
  </select>
  
  <select id="getBrandProductListByBrand" parameterType="map" resultType="BrandProduct">
    select 
    brand_code,product_name,memo,id
    from tbl_brand_product where 1=1 
    <if test="brand_code != '' and brand_code != null" >
      and brand_code in (${brand_code}) 
    </if>
  </select>

  <insert id="insertBrandInfo" parameterType="BrandInfo">
    INSERT INTO tbl_brand_info (code,brand_name,memo,pass_word)
    VALUES (#{code}, #{brand_name}, #{memo}, #{pass_word})
  </insert>

  <update id="updateBrandInfo" parameterType="BrandInfo">
    update tbl_brand_info set 
    brand_name=#{brand_name},memo=#{memo},pass_word=#{pass_word} 
    where code=#{code}
  </update>
  
  <update id="updateBrandInfoPassword" parameterType="BrandInfo">
    update tbl_brand_info set 
      pass_word=#{pass_word} 
    where code=#{code}
  </update>

  <delete id="deleteBrandInfo" parameterType="map">
    delete from tbl_brand_info where code=#{code}
  </delete>

  <select id="getBrandInfoListCount" parameterType="map" resultType="int">
    select count(*) as value 
    from tbl_brand_info where 1=1 
    <if test="o.code != '' and o.code != null" >
      and code=#{o.code}
    </if>
    <if test="o.brand_name != '' and o.brand_name != null" >
      and brand_name=#{o.brand_name}
    </if>
  </select>

  <select id="getBrandInfoPageList" parameterType="map" resultType="BrandInfo">
    select 
    code,brand_name,memo,pass_word 
    from tbl_brand_info where 1=1 
    <if test="o.code != '' and o.code != null" >
      and code=#{o.code}
    </if>
    <if test="o.brand_name != '' and o.brand_name != null" >
      and brand_name=#{o.brand_name}
    </if>
  <if test="orderName != '' " >
    order by ${orderName} ${orderAZ}
  </if>
  limit #{pageStart},#{pageSize}
  </select>
  
  <select id="getBrandInfoByCode" parameterType="map" resultType="BrandInfo">
    select 
    code,brand_name,memo,pass_word 
    from tbl_brand_info where code=#{code}
  </select>
  
  <select id="getAllBrandInfoList" resultType="BrandInfo">
    select 
    code,brand_name,memo,pass_word 
    from tbl_brand_info order by code
  </select>
  
  <insert id="insertBrandUser" parameterType="BrandUser">
    INSERT INTO tbl_brand_user (brand_code,user_code,id,user_name,brand_name)
    VALUES (#{brand_code}, #{user_code}, #{id}, #{user_name}, #{brand_name})
  </insert>

  <delete id="deleteBrandUser" parameterType="map">
    delete from tbl_brand_user where brand_code=#{brand_code} and user_code=#{user_code}
  </delete>
  
  <delete id="deleteBrandUserByBrand" parameterType="map">
    delete from tbl_brand_user where brand_code=#{brand_code} 
  </delete>

  <select id="getBrandUserListByBrand" parameterType="map" resultType="BrandUser">
    select 
    brand_code,user_code,id,user_name,brand_name 
    from tbl_brand_user where brand_code=#{brand_code}
  </select>
  
  <select id="getBrandListByUser" parameterType="map" resultType="BrandUser">
    select 
    brand_code,user_code,id,user_name,brand_name 
    from tbl_brand_user where user_code=#{user_code}
  </select>

  <insert id="insertCaseManage" parameterType="CaseManage">
    INSERT INTO tbl_case_manage (code,manage_name,pass_word,status)
    VALUES (#{code}, #{manage_name}, #{pass_word}, #{status})
  </insert>

  <update id="updateCaseManage" parameterType="CaseManage">
    update tbl_case_manage set 
    manage_name=#{manage_name},pass_word=#{pass_word},status=#{status}
    where code=#{code}
  </update>
  
  <update id="updateCaseManagePassword" parameterType="CaseManage">
    update tbl_case_manage set 
      pass_word=#{pass_word} 
    where code=#{code}
  </update>

  <delete id="deleteCaseManage" parameterType="map">
    delete from tbl_case_manage where code=#{code}
  </delete>

  <select id="getCaseManageListCount" parameterType="map" resultType="int">
    select count(*) as value 
    from tbl_case_manage where 1=1 
    <if test="o.code != '' and o.code != null" >
      and code=#{o.code}
    </if>
  </select>

  <select id="getCaseManagePageList" parameterType="map" resultType="CaseManage">
    select 
    code,manage_name,status,pass_word 
    from tbl_case_manage where 1=1 
    <if test="o.code != '' and o.code != null" >
      and code=#{o.code}
    </if>
  <if test="orderName != '' " >
    order by ${orderName} ${orderAZ}
  </if>
  limit #{pageStart},#{pageSize}
  </select>
  
  <select id="getAllCaseManageList" resultType="CaseManage">
    select 
    code,manage_name,status  
    from tbl_case_manage order by code asc
  </select>

  <select id="getCaseManageById" parameterType="map" resultType="CaseManage">
    select 
    code,manage_name,pass_word,status
    from tbl_case_manage where code=#{code} 
  </select>

</mapper>
  

