<?xml version="1.0" encoding="UTF-8"?>
<!DOCTYPE mapper PUBLIC "-//mybatis.org//DTD Mapper 3.0//EN" 
"http://mybatis.org/dtd/mybatis-3-mapper.dtd">
<mapper namespace="com.helpyouworkeasy.persistence.CollectMapper">

  <insert id="insertCollectInfo" parameterType="CollectInfo">
    INSERT INTO tbl_collect_info (user_name,user_code,collect_title,collect_type,obj_id,xurl,id,create_time)
    VALUES (#{user_name}, #{user_code}, #{collect_title}, #{collect_type}, #{obj_id}, #{xurl}, #{id}, #{create_time})
  </insert>

  <update id="updateCollectInfo" parameterType="CollectInfo">
    update tbl_collect_info set 
    user_name=#{user_name},user_code=#{user_code},collect_title=#{collect_title},collect_type=#{collect_type},obj_id=#{obj_id},xurl=#{xurl},create_time=#{create_time}
    where id=#{id}
  </update>

  <delete id="deleteCollectInfo" parameterType="map">
    delete from tbl_collect_info where id=#{id}
  </delete>
  
  <delete id="deleteCollectInfoByObjId" parameterType="map">
    delete from tbl_collect_info where user_code=#{user_code} and obj_id=#{obj_id}
  </delete>

  <select id="getCollectInfoListCount" parameterType="map" resultType="int">
    select count(*) as value 
    from tbl_collect_info where 1=1 
    <if test="o.user_code != '' and o.user_code != null" >
      and user_code=#{o.user_code}
    </if>
    <if test="o.collect_type != '' and o.collect_type != null" >
      and collect_type=#{o.collect_type}
    </if>
    <if test="time1 != -1" >
      and create_time>=#{time1}
    </if>
    <if test="time2 != -1" >
      and #{time2}>=create_time
    </if>
  </select>

  <select id="getCollectInfoPageList" parameterType="map" resultType="CollectInfo">
    select 
    user_name,user_code,collect_title,collect_type,obj_id,xurl,id,create_time
    from tbl_collect_info where 1=1 
    <if test="o.user_code != '' and o.user_code != null" >
      and user_code=#{o.user_code}
    </if>
    <if test="o.collect_type != '' and o.collect_type != null" >
      and collect_type=#{o.collect_type}
    </if>
    <if test="time1 != -1" >
      and create_time>=#{time1}
    </if>
    <if test="time2 != -1" >
      and #{time2}>=create_time
    </if>
  <if test="orderName != '' " >
    order by ${orderName} ${orderAZ}
  </if>
  limit #{pageStart},#{pageSize}
  </select>

  <select id="getCollectInfoById" parameterType="map" resultType="CollectInfo">
    select 
    user_name,user_code,collect_title,collect_type,obj_id,xurl,id,create_time
    from tbl_collect_info where id=#{id} 
  </select>
  
  <select id="getCollectInfoByUserObjId" parameterType="map" resultType="CollectInfo">
    select 
    user_name,user_code,collect_title,collect_type,obj_id,xurl,id,create_time
    from tbl_collect_info where user_code=#{user_code} and obj_id=#{obj_id}
  </select>

</mapper>