<?xml version="1.0" encoding="UTF-8"?>
<!DOCTYPE mapper PUBLIC "-//mybatis.org//DTD Mapper 3.0//EN" 
"http://mybatis.org/dtd/mybatis-3-mapper.dtd">
<mapper namespace="com.helpyouworkeasy.persistence.FinanceMapper">

  <insert id="insertFinanceSubject" parameterType="FinanceSubject">
    INSERT INTO tbl_finance_subject (code,subject_name,category)
    VALUES (#{code}, #{subject_name}, #{category})
  </insert>

  <update id="updateFinanceSubject" parameterType="FinanceSubject">
    update tbl_finance_subject set 
    subject_name=#{subject_name},category=#{category}
    where code=#{code}
  </update>

  <select id="getFinanceSubjectListCount" parameterType="map" resultType="int">
    select count(*) as value 
    from tbl_finance_subject where 1=1 
    <if test="o.code != '' and o.code != null" >
      and code=#{o.code}
    </if>
    <if test="o.subject_name != '' and o.subject_name != null" >
      and subject_name=#{o.subject_name}
    </if>
    <if test="o.category != '' and o.category != null" >
      and category=#{o.category}
    </if>
  </select>

  <select id="getFinanceSubjectPageList" parameterType="map" resultType="FinanceSubject">
    select 
    code,subject_name,category
    from tbl_finance_subject where 1=1 
    <if test="o.code != '' and o.code != null" >
      and code=#{o.code}
    </if>
    <if test="o.subject_name != '' and o.subject_name != null" >
      and subject_name=#{o.subject_name}
    </if>
    <if test="o.category != '' and o.category != null" >
      and category=#{o.category}
    </if>
  <if test="orderName != '' " >
    order by ${orderName} ${orderAZ}
  </if>
  limit #{pageStart},#{pageSize}
  </select>
  
  
  <insert id="insertFinanceRecd" parameterType="FinanceRecd">
    INSERT INTO tbl_finance_recd (opt_user,subject_code,receipts,subject_name,receiving_teller,project_code,summary,certificate,project_name,receiving_teller_code,account_code,id,recd_date,opt_time,rel_id,income,expense,balance,is_deleted)
    VALUES (#{opt_user}, #{subject_code}, #{receipts}, #{subject_name}, #{receiving_teller}, #{project_code}, #{summary}, #{certificate}, #{project_name}, #{receiving_teller_code}, #{account_code}, #{id}, #{recd_date}, #{opt_time}, #{rel_id}, #{income}, #{expense}, #{balance}, #{is_deleted})
  </insert>

  <update id="updateFinanceRecd" parameterType="FinanceRecd">
    update tbl_finance_recd set 
    opt_user=#{opt_user},subject_code=#{subject_code},receipts=#{receipts},subject_name=#{subject_name},receiving_teller=#{receiving_teller},project_code=#{project_code},summary=#{summary},certificate=#{certificate},project_name=#{project_name},receiving_teller_code=#{receiving_teller_code},account_code=#{account_code},recd_date=#{recd_date},opt_time=#{opt_time},income=#{income},expense=#{expense},balance=#{balance},is_deleted=#{is_deleted}
    where id=#{id}
  </update>

  <select id="getFinanceRecdListCount" parameterType="map" resultType="int">
    select count(*) as value 
    from tbl_finance_recd where is_deleted=0 
    <if test="o.opt_user != '' and o.opt_user != null" >
      and opt_user=#{o.opt_user}
    </if>
    <if test="o.subject_code != '' and o.subject_code != null" >
      and subject_code=#{o.subject_code}
    </if>
    <if test="o.receipts != '' and o.receipts != null" >
      and receipts=#{o.receipts}
    </if>
    <if test="o.subject_name != '' and o.subject_name != null" >
      and subject_name=#{o.subject_name}
    </if>
    <if test="o.receiving_teller != '' and o.receiving_teller != null" >
      and receiving_teller=#{o.receiving_teller}
    </if>
    <if test="o.project_code != '' and o.project_code != null" >
      and project_code=#{o.project_code}
    </if>
    <if test="o.summary != '' and o.summary != null" >
      and summary=#{o.summary}
    </if>
    <if test="o.certificate != '' and o.certificate != null" >
      and certificate=#{o.certificate}
    </if>
    <if test="o.project_name != '' and o.project_name != null" >
      and project_name=#{o.project_name}
    </if>
    <if test="o.receiving_teller_code != '' and o.receiving_teller_code != null" >
      and receiving_teller_code=#{o.receiving_teller_code}
    </if>
    <if test="o.account_code != '' and o.account_code != null" >
      and account_code=#{o.account_code}
    </if>
    <if test="time1 != -1" >
      and recd_date>=#{time1}
    </if>
    <if test="time2 != -1" >
      and #{time2}>=recd_date
    </if>
  </select>

  <select id="getFinanceRecdPageList" parameterType="map" resultType="FinanceRecd">
    select 
    opt_user,subject_code,receipts,subject_name,receiving_teller,project_code,summary,certificate,project_name,receiving_teller_code,rel_id,account_code,id,recd_date,opt_time,income,expense,balance,is_deleted
    from tbl_finance_recd where is_deleted=0 
    <if test="o.opt_user != '' and o.opt_user != null" >
      and opt_user=#{o.opt_user}
    </if>
    <if test="o.subject_code != '' and o.subject_code != null" >
      and subject_code=#{o.subject_code}
    </if>
    <if test="o.receipts != '' and o.receipts != null" >
      and receipts=#{o.receipts}
    </if>
    <if test="o.subject_name != '' and o.subject_name != null" >
      and subject_name=#{o.subject_name}
    </if>
    <if test="o.receiving_teller != '' and o.receiving_teller != null" >
      and receiving_teller=#{o.receiving_teller}
    </if>
    <if test="o.project_code != '' and o.project_code != null" >
      and project_code=#{o.project_code}
    </if>
    <if test="o.summary != '' and o.summary != null" >
      and summary=#{o.summary}
    </if>
    <if test="o.certificate != '' and o.certificate != null" >
      and certificate=#{o.certificate}
    </if>
    <if test="o.project_name != '' and o.project_name != null" >
      and project_name=#{o.project_name}
    </if>
    <if test="o.receiving_teller_code != '' and o.receiving_teller_code != null" >
      and receiving_teller_code=#{o.receiving_teller_code}
    </if>
    <if test="o.account_code != '' and o.account_code != null" >
      and account_code=#{o.account_code}
    </if>
    <if test="time1 != -1" >
      and recd_date>=#{time1}
    </if>
    <if test="time2 != -1" >
      and #{time2}>=recd_date
    </if>
  <if test="orderName != '' " >
    order by ${orderName} ${orderAZ}
  </if>
  limit #{pageStart},#{pageSize}
  </select>

  <update id="deleteFinanceRecdByIds" parameterType="map">
     update tbl_finance_recd set is_deleted=1 where id = #{id1} or id = #{id2}
  </update>
  
  <insert id="insertProjectInfo" parameterType="ProjectInfo">
    INSERT INTO tbl_project_info (code,project_name,link_user,responsible_person,responsible_person_code,create_date,amount,adjust,settlement,nonbusiness_income,progress_payment,payment_percent,amount_receivable,cost,gross_profit,gross_profit_recd,taxes,admin_expenses,net_profit,status,is_deleted)
    VALUES (#{code}, #{project_name}, #{link_user}, #{responsible_person}, #{responsible_person_code}, #{create_date}, #{amount}, #{adjust}, #{settlement}, #{nonbusiness_income}, #{progress_payment}, #{payment_percent}, #{amount_receivable}, #{cost}, #{gross_profit}, #{gross_profit_recd}, #{taxes}, #{admin_expenses}, #{net_profit}, #{status}, #{is_deleted})
  </insert>

  <update id="updateProjectInfo" parameterType="ProjectInfo">
    update tbl_project_info set 
    project_name=#{project_name},link_user=#{link_user},responsible_person=#{responsible_person},responsible_person_code=#{responsible_person_code},create_date=#{create_date},amount=#{amount},adjust=#{adjust},settlement=#{settlement},nonbusiness_income=#{nonbusiness_income},progress_payment=#{progress_payment},payment_percent=#{payment_percent},amount_receivable=#{amount_receivable},cost=#{cost},gross_profit=#{gross_profit},gross_profit_recd=#{gross_profit_recd},taxes=#{taxes},admin_expenses=#{admin_expenses},net_profit=#{net_profit},status=#{status},is_deleted=#{is_deleted}
    where code=#{code}
  </update>

  <select id="getProjectInfoListCount" parameterType="map" resultType="int">
    select count(*) as value 
    from tbl_project_info where is_deleted=0 
    <if test="o.code != '' and o.code != null" >
      and code=#{o.code}
    </if>
    <if test="o.project_name != '' and o.project_name != null" >
      and project_name=#{o.project_name}
    </if>
    <if test="o.link_user != '' and o.link_user != null" >
      and link_user=#{o.link_user}
    </if>
    <if test="o.responsible_person != '' and o.responsible_person != null" >
      and responsible_person=#{o.responsible_person}
    </if>
    <if test="o.responsible_person_code != '' and o.responsible_person_code != null" >
      and responsible_person_code=#{o.responsible_person_code}
    </if>
    <if test="o.status != -1" >
      and status=#{o.status}
    </if>
    <if test="time1 != -1" >
      and create_date>=#{time1}
    </if>
    <if test="time2 != -1" >
      and #{time2}>=create_date
    </if>
  </select>

  <select id="getProjectInfoPageList" parameterType="map" resultType="ProjectInfo">
    select 
    code,project_name,link_user,responsible_person,responsible_person_code,create_date,amount,adjust,settlement,nonbusiness_income,progress_payment,payment_percent,amount_receivable,cost,gross_profit,gross_profit_recd,taxes,admin_expenses,net_profit,status,is_deleted
    from tbl_project_info where is_deleted=0 
    <if test="o.code != '' and o.code != null" >
      and code=#{o.code}
    </if>
    <if test="o.project_name != '' and o.project_name != null" >
      and project_name=#{o.project_name}
    </if>
    <if test="o.link_user != '' and o.link_user != null" >
      and link_user=#{o.link_user}
    </if>
    <if test="o.responsible_person != '' and o.responsible_person != null" >
      and responsible_person=#{o.responsible_person}
    </if>
    <if test="o.responsible_person_code != '' and o.responsible_person_code != null" >
      and responsible_person_code=#{o.responsible_person_code}
    </if>
    <if test="o.status != -1" >
      and status=#{o.status}
    </if>
    <if test="time1 != -1" >
      and create_date>=#{time1}
    </if>
    <if test="time2 != -1" >
      and #{time2}>=create_date
    </if>
  <if test="orderName != '' " >
    order by ${orderName} ${orderAZ}
  </if>
  limit #{pageStart},#{pageSize}
  </select>

  
</mapper>