<?xml version="1.0" encoding="UTF-8"?>
<!DOCTYPE mapper PUBLIC "-//mybatis.org//DTD Mapper 3.0//EN" 
"http://mybatis.org/dtd/mybatis-3-mapper.dtd">
<mapper namespace="com.helpyouworkeasy.persistence.InterfaceMapper">

  <insert id="insertInterfaceParam" parameterType="InterfaceParam">
    INSERT INTO tbl_interface_param (param_name,param_title,param_type,param_desc,id,interface_id)
    VALUES (#{param_name}, #{param_title}, #{param_type}, #{param_desc}, #{id}, #{interface_id})
  </insert>

  <update id="updateInterfaceParam" parameterType="InterfaceParam">
    update tbl_interface_param set 
    param_name=#{param_name},param_title=#{param_title},param_type=#{param_type},param_desc=#{param_desc},interface_id=#{interface_id}
    where id=#{id}
  </update>
  
  <delete id="deleteInterfaceParam" parameterType="map">
    delete from tbl_interface_param where id=#{id}
  </delete>

  <select id="getInterfaceParamList" parameterType="map" resultType="InterfaceParam">
    select 
    param_name,param_title,param_type,param_desc,id,interface_id
    from tbl_interface_param where interface_id=#{interface_id}
    order by param_name 
  </select>

  <insert id="insertInterfaceInfo" parameterType="InterfaceInfo">
    INSERT INTO tbl_interface_info (interface_title,url,project_code,response_demo,interface_desc,id)
    VALUES (#{interface_title}, #{url}, #{project_code}, #{response_demo}, #{interface_desc}, #{id})
  </insert>

  <update id="updateInterfaceInfo" parameterType="InterfaceInfo">
    update tbl_interface_info set 
    interface_title=#{interface_title},url=#{url},project_code=#{project_code},response_demo=#{response_demo},interface_desc=#{interface_desc}
    where id=#{id}
  </update>

  <delete id="deleteInterfaceInfo" parameterType="map">
    delete from tbl_interface_info where id=#{id}
  </delete>

  <select id="getInterfaceInfoListCount" parameterType="map" resultType="int">
    select count(*) as value 
    from tbl_interface_info where 1=1 
    <if test="o.interface_title != '' and o.interface_title != null" >
      and interface_title  like '%${o.interface_title}%' 
    </if>
    <if test="o.url != '' and o.url != null" >
      and url like '%${o.url}%'
    </if>
    <if test="o.project_code != '' and o.project_code != null" >
      and project_code=#{o.project_code}
    </if>
  </select>

  <select id="getInterfaceInfoPageList" parameterType="map" resultType="InterfaceInfo">
    select 
    interface_title,url,project_code,response_demo,interface_desc,id
    from tbl_interface_info where 1=1 
    <if test="o.interface_title != '' and o.interface_title != null" >
      and interface_title  like '%${o.interface_title}%' 
    </if>
    <if test="o.url != '' and o.url != null" >
      and url like '%${o.url}%'
    </if>
    <if test="o.project_code != '' and o.project_code != null" >
      and project_code=#{o.project_code}
    </if>
  <if test="orderName != '' " >
    order by ${orderName} ${orderAZ}
  </if>
  limit #{pageStart},#{pageSize}
  </select>

  <select id="getInterfaceInfoById" parameterType="map" resultType="InterfaceInfo">
    select 
    interface_title,url,project_code,response_demo,interface_desc,id
    from tbl_interface_info where id=#{id}
  </select>

  <insert id="insertInterfaceLog" parameterType="InterfaceLog">
    INSERT INTO bao_interface_log (request_desc,response_desc,flow_no,return_code,f1,f2,f3,interface_type,id,request_time,response_time,status)
    VALUES (#{request_desc}, #{response_desc}, #{flow_no}, #{return_code}, #{f1}, #{f2}, #{f3}, #{interface_type}, #{id}, #{request_time}, #{response_time}, #{status})
  </insert>

  <update id="updateInterfaceLog" parameterType="InterfaceLog">
    update bao_interface_log set 
     response_desc=#{response_desc},return_code=#{return_code},response_time=#{response_time},status=#{status}
    where flow_no=#{flow_no} and interface_type=#{interface_type}
  </update>

  <delete id="deleteInterfaceLog" parameterType="map">
    delete from bao_interface_log where id=#{id}
  </delete>

  <select id="getInterfaceLogListCount" parameterType="map" resultType="int">
    select count(*) as value 
    from bao_interface_log where 1=1 
    <if test="o.flow_no != '' and o.flow_no != null" >
      and flow_no=#{o.flow_no}
    </if>
    <if test="o.return_code != '' and o.return_code != null" >
      and return_code=#{o.return_code}
    </if>
    <if test="o.f1 != '' and o.f1 != null" >
      and f1=#{o.f1}
    </if>
    <if test="o.f2 != '' and o.f2 != null" >
      and f2=#{o.f2}
    </if>
    <if test="o.f3 != '' and o.f3 != null" >
      and f3=#{o.f3}
    </if>
    <if test="o.interface_type != '' and o.interface_type != null" >
      and interface_type=#{o.interface_type}
    </if>
    <if test="time1 != -1" >
      and request_time>=#{time1}
    </if>
    <if test="time2 != -1" >
      and #{time2}>=request_time
    </if>
  </select>

  <select id="getInterfaceLogPageList" parameterType="map" resultType="InterfaceLog">
    select 
    request_desc,response_desc,flow_no,return_code,f1,f2,f3,interface_type,id,request_time,response_time,status
    from bao_interface_log where 1=1 
    <if test="o.flow_no != '' and o.flow_no != null" >
      and flow_no=#{o.flow_no}
    </if>
    <if test="o.return_code != '' and o.return_code != null" >
      and return_code=#{o.return_code}
    </if>
    <if test="o.f1 != '' and o.f1 != null" >
      and f1=#{o.f1}
    </if>
    <if test="o.f2 != '' and o.f2 != null" >
      and f2=#{o.f2}
    </if>
    <if test="o.f3 != '' and o.f3 != null" >
      and f3=#{o.f3}
    </if>
    <if test="o.interface_type != '' and o.interface_type != null" >
      and interface_type=#{o.interface_type}
    </if>
    <if test="time1 != -1" >
      and request_time>=#{time1}
    </if>
    <if test="time2 != -1" >
      and #{time2}>=request_time
    </if>
  <if test="orderName != '' " >
    order by ${orderName} ${orderAZ}
  </if>
  limit #{pageStart},#{pageSize}
  </select>

  <select id="getInterfaceLogById" parameterType="map" resultType="InterfaceLog">
    select 
    request_desc,response_desc,flow_no,return_code,f1,f2,f3,interface_type,id,request_time,response_time,status
    from bao_interface_log where id=#{id} 
  </select>

</mapper>