<?xml version="1.0" encoding="UTF-8"?>
<!DOCTYPE mapper PUBLIC "-//mybatis.org//DTD Mapper 3.0//EN" 
"http://mybatis.org/dtd/mybatis-3-mapper.dtd">
<mapper namespace="com.helpyouworkeasy.persistence.LeaveMessageMapper">

  <insert id="insertLeaveMessage" parameterType="LeaveMessage">
    INSERT INTO tbl_leave_message (id,msg_content,user_code,user_name,reply_user,reply_user_name,msg_title,create_time,status)
    VALUES (#{id}, #{msg_content}, #{user_code}, #{user_name}, #{reply_user}, #{reply_user_name}, #{msg_title}, #{create_time}, #{status})
  </insert>

  <update id="updateLeaveMessage" parameterType="LeaveMessage">
    update tbl_leave_message set 
      status=#{status}
    where id=#{id}
  </update>

  <delete id="deleteLeaveMessage" parameterType="map">
    delete from tbl_leave_message where id=#{id}
  </delete>

  <select id="getLeaveMessageListCount" parameterType="map" resultType="int">
    select count(*) as value 
    from tbl_leave_message where 1=1 
    <if test="o.user_code != '' and o.user_code != null" >
      and user_code=#{o.user_code}
    </if>
    <if test="o.user_name != '' and o.user_name != null" >
      and user_name like '%${o.user_name}%'
    </if>
    <if test="o.reply_user_name != '' and o.reply_user_name != null" >
      and reply_user_name like '%${o.reply_user_name}%'
    </if>
    <if test="o.reply_user != '' and o.reply_user != null" >
      and reply_user=#{o.reply_user}
    </if>
    <if test="time1 != -1" >
      and create_time>=#{time1}
    </if>
    <if test="time2 != -1" >
      and #{time2}>=create_time
    </if>
  </select>
  
  <select id="getUnreadLeaveMessageListCount" parameterType="map" resultType="int">
    select count(*) as value 
    from tbl_leave_message where status=0 
    <if test="user_code != '' and user_code != null" >
      and user_code=#{user_code}
    </if>
    <if test="reply_user != '' and reply_user != null" >
      and reply_user=#{reply_user}
    </if>
  </select>

  <select id="getLeaveMessagePageList" parameterType="map" resultType="LeaveMessage">
    select 
    id,msg_content,user_code,user_name,reply_user,reply_user_name,msg_title,create_time,status
    from tbl_leave_message where 1=1 
    <if test="o.user_code != '' and o.user_code != null" >
      and user_code=#{o.user_code}
    </if>
    <if test="o.user_name != '' and o.user_name != null" >
      and user_name like '%${o.user_name}%'
    </if>
    <if test="o.reply_user_name != '' and o.reply_user_name != null" >
      and reply_user_name like '%${o.reply_user_name}%'
    </if>
    <if test="o.reply_user != '' and o.reply_user != null" >
      and reply_user=#{o.reply_user}
    </if>
    <if test="time1 != -1" >
      and create_time>=#{time1}
    </if>
    <if test="time2 != -1" >
      and #{time2}>=create_time
    </if>
  <if test="orderName != '' " >
    order by ${orderName} ${orderAZ}
  </if>
  limit #{pageStart},#{pageSize}
  </select>

  <select id="getLeaveMessageById" parameterType="map" resultType="LeaveMessage">
    select 
    id,msg_content,user_code,user_name,reply_user,reply_user_name,msg_title,create_time,status
    from tbl_leave_message where id=#{id} 
  </select>
  
  <insert id="insertReplyRecd" parameterType="ReplyRecd">
    INSERT INTO tbl_reply_recd (reply_content,reply_user_code,reply_user_name,reply_user_img,id,msg_id,reply_time)
    VALUES (#{reply_content}, #{reply_user_code}, #{reply_user_name}, #{reply_user_img}, #{id}, #{msg_id}, #{reply_time})
  </insert>

  <update id="updateReplyRecd" parameterType="ReplyRecd">
    update tbl_reply_recd set 
    reply_content=#{reply_content},reply_user_code=#{reply_user_code},reply_user_name=#{reply_user_name},reply_user_img=#{reply_user_img},msg_id=#{msg_id},reply_time=#{reply_time}
    where id=#{id}
  </update>

  <delete id="deleteReplyRecd" parameterType="map">
    delete from tbl_reply_recd where id=#{id}
  </delete>

  <select id="getReplyRecdListCount" parameterType="map" resultType="int">
    select count(*) as value 
    from tbl_reply_recd where 1=1 
    <if test="o.msg_id != '' " >
      and msg_id=#{o.msg_id}
    </if>
    <if test="time1 != -1" >
      and reply_time>=#{time1}
    </if>
    <if test="time2 != -1" >
      and #{time2}>=reply_time
    </if>
  </select>

  <select id="getReplyRecdPageList" parameterType="map" resultType="ReplyRecd">
    select 
    reply_content,reply_user_code,reply_user_name,reply_user_img,id,msg_id,reply_time
    from tbl_reply_recd where 1=1 
    <if test="o.msg_id != '' " >
      and msg_id=#{o.msg_id}
    </if>
    <if test="time1 != -1" >
      and reply_time>=#{time1}
    </if>
    <if test="time2 != -1" >
      and #{time2}>=reply_time
    </if>
  <if test="orderName != '' " >
    order by ${orderName} ${orderAZ}
  </if>
  limit #{pageStart},#{pageSize}
  </select>

  <select id="getReplyRecdById" parameterType="map" resultType="ReplyRecd">
    select 
    reply_content,reply_user_code,reply_user_name,reply_user_img,id,msg_id,reply_time
    from tbl_reply_recd where id=#{id} 
  </select>
 

</mapper>