<?xml version="1.0" encoding="UTF-8"?>
<!DOCTYPE mapper PUBLIC "-//mybatis.org//DTD Mapper 3.0//EN" 
"http://mybatis.org/dtd/mybatis-3-mapper.dtd">
<mapper namespace="com.helpyouworkeasy.persistence.NewMarkMapper">

  <insert id="insertNewMark" parameterType="NewMark">
    INSERT INTO tbl_new_mark (user_code,msg_type,obj_id,id,update_time)
    VALUES (#{user_code}, #{msg_type}, #{obj_id}, #{id}, #{update_time})
  </insert>

  <delete id="deleteNewMark" parameterType="NewMark">
    delete from tbl_new_mark where user_code=#{user_code} and msg_type=#{msg_type} and obj_id=#{obj_id}
  </delete>

  <select id="getNewMarkListCount" parameterType="map" resultType="int">
    select count(*) as value 
    from tbl_new_mark where 1=1 
    <if test="o.user_code != '' and o.user_code != null" >
      and user_code=#{o.user_code}
    </if>
    <if test="o.msg_type != '' and o.msg_type != null" >
      and msg_type=#{o.msg_type}
    </if>
    <if test="o.obj_id != '' and o.obj_id != null" >
      and obj_id=#{o.obj_id}
    </if>
    <if test="time1 != -1" >
      and update_time>=#{time1}
    </if>
    <if test="time2 != -1" >
      and #{time2}>=update_time
    </if>
  </select>

  <select id="getNewMarkPageList" parameterType="map" resultType="NewMark">
    select 
    user_code,msg_type,obj_id,id,update_time 
    from tbl_new_mark where 1=1 
    <if test="o.user_code != '' and o.user_code != null" >
      and user_code=#{o.user_code}
    </if>
    <if test="o.msg_type != '' and o.msg_type != null" >
      and msg_type=#{o.msg_type}
    </if>
    <if test="o.obj_id != '' and o.obj_id != null" >
      and obj_id=#{o.obj_id}
    </if>
    <if test="time1 != -1" >
      and update_time>=#{time1}
    </if>
    <if test="time2 != -1" >
      and #{time2}>=update_time
    </if>
  limit #{pageStart},#{pageSize}
  </select>

</mapper>