<?xml version="1.0" encoding="UTF-8"?>
<!DOCTYPE mapper PUBLIC "-//mybatis.org//DTD Mapper 3.0//EN" 
"http://mybatis.org/dtd/mybatis-3-mapper.dtd">
<mapper namespace="com.helpyouworkeasy.persistence.NewRecdMapper">

  <insert id="insertNewRecd" parameterType="NewRecd">
    INSERT INTO tbl_new_recd (new_type,obj_id,user_code,obj_name,id)
    VALUES (#{new_type}, #{obj_id}, #{user_code}, #{obj_name}, #{id})
  </insert>

  <update id="updateNewRecd" parameterType="NewRecd">
    update tbl_new_recd set 
    new_type=#{new_type},obj_id=#{obj_id},user_code=#{user_code},obj_name=#{obj_name}
    where id=#{id}
  </update>

  <delete id="deleteNewRecd" parameterType="map">
    delete from tbl_new_recd where user_code=#{user_code} and obj_id=#{obj_id}
  </delete>

  <select id="getNewRecdListCount" parameterType="map" resultType="int">
    select count(*) as value 
    from tbl_new_recd where 1=1 
    <if test="o.obj_id != '' and o.obj_id != null" >
      and obj_id=#{o.obj_id}
    </if>
    <if test="o.user_code != '' and o.user_code != null" >
      and user_code=#{o.user_code}
    </if>
  </select>

  <select id="getNewRecdPageList" parameterType="map" resultType="NewRecd">
    select 
    new_type,obj_id,user_code,obj_name,id
    from tbl_new_recd where 1=1 
    <if test="o.obj_id != '' and o.obj_id != null" >
      and obj_id=#{o.obj_id}
    </if>
    <if test="o.user_code != '' and o.user_code != null" >
      and user_code=#{o.user_code}
    </if>
  <if test="orderName != '' " >
    order by ${orderName} ${orderAZ}
  </if>
  limit #{pageStart},#{pageSize}
  </select>
  
  <select id="getNewRecdListByUser" parameterType="map" resultType="NewRecd">
    select 
    new_type,obj_id,user_code,obj_name,id
    from tbl_new_recd where user_code=#{user_code}
  </select>
  
  <select id="getNewRecdListByObj" parameterType="map" resultType="NewRecd">
    select 
    new_type,obj_id,user_code,obj_name,id
    from tbl_new_recd where obj_id=#{obj_id}
  </select>

  <select id="getNewRecdById" parameterType="map" resultType="NewRecd">
    select 
    new_type,obj_id,user_code,obj_name,id
    from tbl_new_recd where id=#{id} 
  </select>

</mapper>