<?xml version="1.0" encoding="UTF-8"?>
<!DOCTYPE mapper PUBLIC "-//mybatis.org//DTD Mapper 3.0//EN" 
"http://mybatis.org/dtd/mybatis-3-mapper.dtd">
<mapper namespace="com.helpyouworkeasy.persistence.OACityMapper">

  <insert id="insertOACity" parameterType="OACity">
    INSERT INTO tbl_oa_city (city,province,id)
    VALUES (#{city}, #{province}, #{id})
  </insert>

  <update id="updateOACity" parameterType="OACity">
    update tbl_oa_city set 
    city=#{city},province=#{province}
    where id=#{id}
  </update>

  <delete id="deleteOACity" parameterType="map">
    delete from tbl_oa_city where id=#{id}
  </delete>

  <select id="getOACityListCount" parameterType="map" resultType="int">
    select count(*) as value 
    from tbl_oa_city where 1=1 
    <if test="o.city != '' and o.city != null" >
      and city=#{o.city}
    </if>
    <if test="o.province != '' and o.province != null" >
      and province=#{o.province}
    </if>
  </select>

  <select id="getOACityPageList" parameterType="map" resultType="OACity">
    select 
    city,province,id
    from tbl_oa_city where 1=1 
    <if test="o.city != '' and o.city != null" >
      and city=#{o.city}
    </if>
    <if test="o.province != '' and o.province != null" >
      and province=#{o.province}
    </if>
  <if test="orderName != '' " >
    order by ${orderName} ${orderAZ}
  </if>
  limit #{pageStart},#{pageSize}
  </select>

  <select id="getOACityById" parameterType="map" resultType="OACity">
    select 
    city,province,id
    from tbl_oa_city where id=#{id} 
  </select>

</mapper>