<?xml version="1.0" encoding="UTF-8"?>
<!DOCTYPE mapper PUBLIC "-//mybatis.org//DTD Mapper 3.0//EN" 
"http://mybatis.org/dtd/mybatis-3-mapper.dtd">

<mapper namespace="com.helpyouworkeasy.persistence.OATaskMapper">

  <insert id="insertOATask" parameterType="OATask">
    INSERT INTO tbl_oa_task (task_type,task_title,create_user_code,create_user_name,task_desc,handle_user_code,handle_user_name,check_user_code,check_user_name,id,dept_id,create_time,start_date,end_date,remind_time,done_time,check_time,warn_time,performance_point,status,score,priority,is_out_task,belong)
    VALUES (#{task_type},#{task_title}, #{create_user_code}, #{create_user_name}, #{task_desc}, #{handle_user_code}, #{handle_user_name}, #{check_user_code}, #{check_user_name}, #{id}, #{dept_id}, #{create_time}, #{start_date}, #{end_date}, #{remind_time}, #{done_time}, #{check_time}, #{warn_time}, #{performance_point}, #{status}, #{score}, #{priority}, #{is_out_task}, #{belong})
  </insert>

  <update id="updateOATask" parameterType="OATask">
    update tbl_oa_task set 
    task_title=#{task_title},task_desc=#{task_desc},handle_user_code=#{handle_user_code},handle_user_name=#{handle_user_name},
    start_date=#{start_date},end_date=#{end_date},remind_time=#{remind_time},task_type=#{task_type},
    warn_time=#{warn_time},performance_point=#{performance_point},
    score=#{score},priority=#{priority},is_out_task=#{is_out_task} 
    where id=#{id}
  </update>
  
  <update id="updateOATaskStatus" parameterType="OATask">
    update tbl_oa_task set 
     status=#{status} 
    where id=#{id}
  </update>
  
  <update id="updateOATaskToNextUser" parameterType="OATask">
    update tbl_oa_task set 
    handle_user_code=#{handle_user_code},handle_user_name=#{handle_user_name},handle_time=0,handle_desc=#{handle_desc},
    remind_time=#{remind_time},warn_time=#{warn_time},priority=#{priority},is_out_task=#{is_out_task} 
    where id=#{id}
  </update>
  
  <!-- FIXME 需要完善 -->
  <update id="updateOATaskCheckAndToNextUser" parameterType="OATask">
    update tbl_oa_task set 
     status=#{status} 
    where id=#{id}
  </update>
  
  <update id="updateOATaskCheck" parameterType="OATask">
    update tbl_oa_task set 
    check_user_code=#{check_user_code},check_user_name=#{check_user_name},check_time=#{check_time},score=#{score},status=#{status}
    where id=#{id}
  </update>
  
  <update id="updateOATaskHandle" parameterType="OATask">
    update tbl_oa_task set 
     handle_time=#{handle_time},handle_user_code=#{handle_user_code},handle_user_name=#{handle_user_name},status=#{status},handle_desc=#{handle_desc}  
    where id=#{id}
  </update>
  
  <select id="getOATaskById" parameterType="map" resultType="OATask">
    select handle_time,handle_desc,task_type,task_title,create_user_code,create_user_name,task_desc,handle_user_code,handle_user_name,check_user_code,check_user_name,id,dept_id,create_time,start_date,end_date,remind_time,done_time,check_time,warn_time,performance_point,status,score,priority,is_out_task,belong
    from tbl_oa_task where id=#{taskId}
  </select>

  <select id="getOATaskListCount" parameterType="map" resultType="int">
    select count(*) as value 
    from tbl_oa_task where 1=1  
    <if test="o.task_title != '' and o.task_title != null" >
      and task_title like '$%{o.task_title}%' 
    </if>
    <if test="o.task_type != '' and o.task_type != null" >
      and task_type=#{o.task_type}
    </if>
    <if test="o.create_user_code != '' and o.create_user_code != null" >
      and create_user_code=#{o.create_user_code}
    </if>
    <if test="o.create_user_name != '' and o.create_user_name != null" >
      and create_user_name=#{o.create_user_name}
    </if>
    <if test="o.handle_user_code != '' and o.handle_user_code != null" >
      and handle_user_code=#{o.handle_user_code}
    </if>
    <if test="o.handle_user_name != '' and o.handle_user_name != null" >
      and handle_user_name=#{o.handle_user_name}
    </if>
    <if test="o.check_user_code != '' and o.check_user_code != null" >
      and check_user_code=#{o.check_user_code}
    </if>
    <if test="o.check_user_name != '' and o.check_user_name != null" >
      and check_user_name=#{o.check_user_name}
    </if>
    <if test="o.dept_id != -1" >
      and dept_id=#{o.dept_id}
    </if>
    <if test="o.status != -1" >
      and status=#{o.status}
    </if>
    <if test="time1 != -1" >
      and start_date>=#{time1}
    </if>
    <if test="time2 != -1" >
      and #{time2}>=start_date
    </if>
  </select>
 
  
  <select id="getOATaskPageList" parameterType="map" resultType="OATask">
    select 
    task_type,task_title,create_user_code,create_user_name,handle_user_code,handle_user_name,check_user_code,check_user_name,id,dept_id,create_time,start_date,end_date,remind_time,done_time,check_time,warn_time,performance_point,status,score,priority,is_out_task,belong
    from tbl_oa_task where 1=1 
    <if test="o.task_title != '' and o.task_title != null" >
      and task_title like '$%{o.task_title}%' 
    </if>
    <if test="o.task_type != '' and o.task_type != null" >
      and task_type=#{o.task_type}
    </if>
    <if test="o.create_user_code != '' and o.create_user_code != null" >
      and create_user_code=#{o.create_user_code}
    </if>
    <if test="o.create_user_name != '' and o.create_user_name != null" >
      and create_user_name=#{o.create_user_name}
    </if>
    <if test="o.handle_user_code != '' and o.handle_user_code != null" >
      and handle_user_code=#{o.handle_user_code}
    </if>
    <if test="o.handle_user_name != '' and o.handle_user_name != null" >
      and handle_user_name=#{o.handle_user_name}
    </if>
    <if test="o.check_user_code != '' and o.check_user_code != null" >
      and check_user_code=#{o.check_user_code}
    </if>
    <if test="o.check_user_name != '' and o.check_user_name != null" >
      and check_user_name=#{o.check_user_name}
    </if>
    <if test="o.dept_id != -1" >
      and dept_id=#{o.dept_id}
    </if>
    <if test="o.status != -1" >
      and status=#{o.status}
    </if>
    <if test="time1 != -1" >
      and start_date>=#{time1}
    </if>
    <if test="time2 != -1" >
      and #{time2}>=start_date
    </if>
  <if test="orderName != '' " >
    order by ${orderName} ${orderAZ}
  </if>
  limit #{pageStart},#{pageSize}
  </select>
  
    <select id="getOARelateTaskListCount" parameterType="map" resultType="int">
    select count(*) as value 
    from tbl_oa_task where (create_user_code=#{user_code} or handle_user_code=#{user_code}) 
    <if test="o.task_title != '' and o.task_title != null" >
      and task_title like '$%{o.task_title}%' 
    </if>
    <if test="o.task_type != '' and o.task_type != null" >
      and task_type=#{o.task_type}
    </if>
    <if test="o.handle_user_name != '' and o.handle_user_name != null" >
      and handle_user_name like '%${o.handle_user_name}%'
    </if>
    <if test="o.dept_id != -1" >
      and dept_id=#{o.dept_id}
    </if>
    <if test="o.status != -1" >
      and status=#{o.status}
    </if>
    <if test="time1 != -1" >
      and start_date>=#{time1}
    </if>
    <if test="time2 != -1" >
      and #{time2}>=start_date
    </if>
  </select>
  
  <select id="getOARelateTaskPageList" parameterType="map" resultType="OATask">
    select 
    task_type,task_title,create_user_code,create_user_name,handle_user_code,handle_user_name,check_user_code,check_user_name,id,dept_id,create_time,start_date,end_date,remind_time,done_time,check_time,warn_time,performance_point,status,score,priority,is_out_task,belong
    from tbl_oa_task where (create_user_code=#{user_code} or handle_user_code=#{user_code}) 
    <if test="o.task_title != '' and o.task_title != null" >
      and task_title like '$%{o.task_title}%' 
    </if>
    <if test="o.task_type != '' and o.task_type != null" >
      and task_type=#{o.task_type}
    </if>
    <if test="o.handle_user_name != '' and o.handle_user_name != null" >
      and handle_user_name like '%${o.handle_user_name}%'
    </if>
    <if test="o.dept_id != -1" >
      and dept_id=#{o.dept_id}
    </if>
    <if test="o.status != -1" >
      and status=#{o.status}
    </if>
    <if test="time1 != -1" >
      and start_date>=#{time1}
    </if>
    <if test="time2 != -1" >
      and #{time2}>=start_date
    </if>
  <if test="orderName != '' " >
    order by ${orderName} ${orderAZ}
  </if>
  limit #{pageStart},#{pageSize}
  </select>
  
  <insert id="insertOATaskPath" parameterType="OATaskPath">
    INSERT INTO tbl_oa_task_path (opt_user_code,opt_user_name,opt_desc,file_path,id,create_time,task_id)
    VALUES (#{opt_user_code}, #{opt_user_name}, #{opt_desc}, #{file_path}, #{id}, #{create_time}, #{task_id})
  </insert>

  <update id="updateOATaskPath" parameterType="OATaskPath">
    update tbl_oa_task_path set 
    opt_user_code=#{opt_user_code},opt_user_name=#{opt_user_name},opt_desc=#{opt_desc},file_path=#{file_path},create_time=#{create_time},task_id=#{task_id}
    where id=#{id}
  </update>

  <select id="getOATaskPathList" parameterType="map" resultType="OATaskPath">
    select 
    opt_user_code,opt_user_name,opt_desc,file_path,id,create_time,task_id
    from tbl_oa_task_path where task_id=#{task_id}
    order by create_time asc
  </select>

</mapper>