<?xml version="1.0" encoding="UTF-8"?>
<!DOCTYPE mapper PUBLIC "-//mybatis.org//DTD Mapper 3.0//EN" 
"http://mybatis.org/dtd/mybatis-3-mapper.dtd">
<mapper namespace="com.helpyouworkeasy.persistence.OAWorkRemindMapper">

  <insert id="insertOAWorkRemind" parameterType="OAWorkRemind">
    INSERT INTO tbl_work_remind (id,receive_position,publish_code,remind_title,receive_code,receive_right,receive_dept_id,event_id,event_type,emergency_type,remind_mode,create_time,remind_time)
    VALUES (#{id}, #{receive_position}, #{publish_code}, #{remind_title}, #{receive_code}, #{receive_right}, #{receive_dept_id}, #{event_id}, #{event_type}, #{emergency_type}, #{remind_mode}, #{create_time}, #{remind_time})
  </insert>

  <update id="updateOAWorkRemind" parameterType="OAWorkRemind">
    update tbl_work_remind set 
    remind_title=#{remind_title},receive_code=#{receive_code},receive_position=#{receive_position},
    receive_right=#{receive_right},receive_dept_id=#{receive_dept_id},emergency_type=#{emergency_type},remind_mode=#{remind_mode},remind_time=#{remind_time}
    where id=#{id}
  </update>

  <delete id="deleteOAWorkRemind" parameterType="map">
    delete from tbl_work_remind where id=#{id}
  </delete>
  
  <delete id="deleteOAWorkRemindByEvent" parameterType="map">
    delete from tbl_work_remind where event_id=#{event_id} and event_type=#{event_type}
  </delete>

  <select id="getOAWorkRemindListCount" parameterType="map" resultType="int">
    select count(*) as value 
    from tbl_work_remind where 1=1 
    <if test="rights != '' and rights != null" >
      and receive_right in ('',${rights})
    </if>
    <if test="deptId != '' and deptId != null" >
      and receive_dept_id in ('',${deptId}) 
    </if>
    <if test="o.receive_code != '' and o.receive_code != null" >
      and receive_code in ('','${o.receive_code}' )
    </if>
    <if test="o.event_type != '' and o.event_type != null" >
      and event_type=#{o.event_type}
    </if>
    <if test="o.receive_position != '' and o.receive_position != null" >
      and receive_position in ('','${o.receive_position}' )
    </if>
    <if test="time1 != -1" >
      and remind_time>=#{time1}
    </if>
    <if test="time2 != -1" >
      and #{time2}>=remind_time
    </if>
  </select>

  <select id="getOAWorkRemindPageList" parameterType="map" resultType="OAWorkRemind">
    select 
    id,publish_code,receive_position,remind_title,receive_code,receive_right,receive_dept_id,event_id,event_type,emergency_type,remind_mode,create_time,remind_time
    from tbl_work_remind where 1=1 
    <if test="rights != '' and rights != null" >
      and receive_right in ('',${rights})
    </if>
    <if test="deptId != '' and deptId != null" >
      and receive_dept_id in ('',${deptId}) 
    </if>
    <if test="o.receive_code != '' and o.receive_code != null" >
      and receive_code in ('','${o.receive_code}' )
    </if>
    <if test="o.receive_position != '' and o.receive_position != null" >
      and receive_position in ('','${o.receive_position}' )
    </if>
    <if test="o.event_type != '' and o.event_type != null" >
      and event_type=#{o.event_type}
    </if>
    <if test="time1 != -1" >
      and remind_time>=#{time1}
    </if>
    <if test="time2 != -1" >
      and #{time2}>=remind_time
    </if>
  <if test="orderName != '' " >
    order by ${orderName} ${orderAZ}
  </if>
  limit #{pageStart},#{pageSize}
  </select>

  <select id="getOAWorkRemindById" parameterType="map" resultType="OAWorkRemind">
    select 
    id,publish_code,receive_position,remind_title,receive_code,receive_right,receive_dept_id,event_id,event_type,emergency_type,remind_mode,create_time,remind_time
    from tbl_work_remind where id=#{id} 
  </select>


</mapper>

