<?xml version="1.0" encoding="UTF-8"?>
<!DOCTYPE mapper PUBLIC "-//mybatis.org//DTD Mapper 3.0//EN" 
"http://mybatis.org/dtd/mybatis-3-mapper.dtd">
<mapper namespace="com.helpyouworkeasy.persistence.PositionLevelMapper">
  <insert id="insertPositionLevel" parameterType="PositionLevel">
    INSERT INTO tbl_position_level (level_code,position_code,level_name,id,level_sort)
    VALUES (#{level_code}, #{position_code}, #{level_name}, #{id}, #{level_sort})
  </insert>

  <update id="updatePositionLevel" parameterType="PositionLevel">
    update tbl_position_level set 
    level_code=#{level_code},position_code=#{position_code},level_name=#{level_name},level_sort=#{level_sort}
    where id=#{id}
  </update>

  <select id="getPositionLevelListCount" parameterType="map" resultType="int">
    select count(*) as value 
    from tbl_position_level where 1=1 
    <if test="o.position_code != '' and o.position_code != null" >
      and position_code=#{o.position_code}
    </if>
    <if test="time1 != -1" >
      and >=#{time1}
    </if>
    <if test="time2 != -1" >
      and #{time2}>=
    </if>
  </select>

  <select id="getPositionLevelPageList" parameterType="map" resultType="PositionLevel">
    select 
    level_code,position_code,level_name,id,level_sort
    from tbl_position_level where 1=1 
    <if test="o.position_code != '' and o.position_code != null" >
      and position_code=#{o.position_code}
    </if>
    <if test="time1 != -1" >
      and >=#{time1}
    </if>
    <if test="time2 != -1" >
      and #{time2}>=
    </if>
  <if test="orderName != '' " >
    order by ${orderName} ${orderAZ}
  </if>
  limit #{pageStart},#{pageSize}
  </select>
  
</mapper>