<?xml version="1.0" encoding="UTF-8"?>
<!DOCTYPE mapper PUBLIC "-//mybatis.org//DTD Mapper 3.0//EN" 
"http://mybatis.org/dtd/mybatis-3-mapper.dtd">
<mapper namespace="com.helpyouworkeasy.persistence.PotentialCustomerMapper">

  <insert id="insertPotentialCustomer" parameterType="PotentialCustomer">
    INSERT INTO tbl_potential_customer (cust_name,company,project_title,project_code,project_desc,project_type,create_user,follow_user,cust_tel,file_url,qq,email,budget,addr,id,create_time,update_time,status)
    VALUES (#{cust_name}, #{company}, #{project_title}, #{project_code}, #{project_desc}, #{project_type}, #{create_user}, #{follow_user}, #{cust_tel}, #{file_url}, #{qq}, #{email}, #{budget}, #{addr}, #{id}, #{create_time}, #{update_time}, #{status})
  </insert>

  <update id="updatePotentialCustomer" parameterType="PotentialCustomer">
    update tbl_potential_customer set 
    cust_name=#{cust_name},company=#{company},project_title=#{project_title},project_code=#{project_code},project_desc=#{project_desc},project_type=#{project_type},follow_user=#{follow_user},cust_tel=#{cust_tel},file_url=#{file_url},qq=#{qq},email=#{email},budget=#{budget},addr=#{addr},update_time=#{update_time},status=#{status}
    where id=#{id}
  </update>

  <select id="getPotentialCustomerListCount" parameterType="map" resultType="int">
    select count(*) as value 
    from tbl_potential_customer where 1=1 
    <if test="o.cust_name != '' and o.cust_name != null" >
      and cust_name=#{o.cust_name}
    </if>
    <if test="o.company != '' and o.company != null" >
      and company=#{o.company}
    </if>
    <if test="o.project_title != '' and o.project_title != null" >
      and project_title=#{o.project_title}
    </if>
    <if test="o.project_code != '' and o.project_code != null" >
      and project_code=#{o.project_code}
    </if>
    <if test="o.project_desc != '' and o.project_desc != null" >
      and project_desc=#{o.project_desc}
    </if>
    <if test="o.project_type != '' and o.project_type != null" >
      and project_type=#{o.project_type}
    </if>
    <if test="o.create_user != '' and o.create_user != null" >
      and create_user=#{o.create_user}
    </if>
    <if test="o.follow_user != '' and o.follow_user != null" >
      and follow_user=#{o.follow_user}
    </if>
    <if test="o.status != -1" >
      and status=#{o.status}
    </if>
    <if test="time1 != -1" >
      and update_time>=#{time1}
    </if>
    <if test="time2 != -1" >
      and #{time2}>=update_time
    </if>
  </select>

  <select id="getPotentialCustomerPageList" parameterType="map" resultType="PotentialCustomer">
    select 
    cust_name,company,project_title,project_code,project_desc,project_type,create_user,follow_user,cust_tel,file_url,qq,email,budget,addr,id,create_time,update_time,status
    from tbl_potential_customer where 1=1 
    <if test="o.cust_name != '' and o.cust_name != null" >
      and cust_name=#{o.cust_name}
    </if>
    <if test="o.company != '' and o.company != null" >
      and company=#{o.company}
    </if>
    <if test="o.project_title != '' and o.project_title != null" >
      and project_title=#{o.project_title}
    </if>
    <if test="o.project_code != '' and o.project_code != null" >
      and project_code=#{o.project_code}
    </if>
    <if test="o.project_desc != '' and o.project_desc != null" >
      and project_desc=#{o.project_desc}
    </if>
    <if test="o.project_type != '' and o.project_type != null" >
      and project_type=#{o.project_type}
    </if>
    <if test="o.create_user != '' and o.create_user != null" >
      and create_user=#{o.create_user}
    </if>
    <if test="o.follow_user != '' and o.follow_user != null" >
      and follow_user=#{o.follow_user}
    </if>
    <if test="o.status != -1" >
      and status=#{o.status}
    </if>
    <if test="time1 != -1" >
      and update_time>=#{time1}
    </if>
    <if test="time2 != -1" >
      and #{time2}>=update_time
    </if>
  <if test="orderName != '' " >
    order by ${orderName} ${orderAZ}
  </if>
  limit #{pageStart},#{pageSize}
  </select>
  
  <select id="getPotentialCustomerById" parameterType="map" resultType="PotentialCustomer">
    select 
    cust_name,company,project_title,project_code,project_desc,project_type,create_user,follow_user,cust_tel,file_url,qq,email,budget,addr,id,create_time,update_time,status 
    from tbl_potential_customer where id=#{id}
  </select>

</mapper>