<?xml version="1.0" encoding="UTF-8"?>
<!DOCTYPE mapper PUBLIC "-//mybatis.org//DTD Mapper 3.0//EN" 
"http://mybatis.org/dtd/mybatis-3-mapper.dtd">
<mapper namespace="com.helpyouworkeasy.persistence.QuestionnaireMapper">

  <insert id="insertQuestionnaireInfo" parameterType="QuestionnaireInfo">
    INSERT INTO tbl_questionnaire_info (questionnaire_name,id,opt_time,status,is_open,end_time)
    VALUES (#{questionnaire_name}, #{id}, #{opt_time}, #{status}, #{is_open}, #{end_time})
  </insert>

  <update id="updateQuestionnaireInfo" parameterType="QuestionnaireInfo">
    update tbl_questionnaire_info set 
    questionnaire_name=#{questionnaire_name},opt_time=#{opt_time},status=#{status},is_open=#{is_open},end_time=#{end_time} 
    where id=#{id}
  </update>
  
  <update id="updateQuestionnaireInfoResultDesc" parameterType="QuestionnaireInfo">
    update tbl_questionnaire_info set 
     result_desc=#{result_desc} 
    where id=#{id}
  </update>

  <update id="deleteQuestionnaireInfo" parameterType="map">
    update tbl_questionnaire_info set is_deleted=1 where id=#{id}
  </update>

  <select id="getQuestionnaireInfoListCount" parameterType="map" resultType="int">
    select count(*) as value 
    from tbl_questionnaire_info where is_deleted=0 
    <if test="o.questionnaire_name != '' and o.questionnaire_name != null" >
      and questionnaire_name=#{o.questionnaire_name}
    </if>
    <if test="o.status != -1" >
      and status=#{o.status}
    </if>
    <if test="time1 != -1" >
      and opt_time>=#{time1}
    </if>
    <if test="time2 != -1" >
      and #{time2}>=opt_time
    </if>
  </select>

  <select id="getQuestionnaireInfoPageList" parameterType="map" resultType="QuestionnaireInfo">
    select 
    questionnaire_name,id,opt_time,status,is_open,end_time
    from tbl_questionnaire_info where is_deleted=0 
    <if test="o.questionnaire_name != '' and o.questionnaire_name != null" >
      and questionnaire_name=#{o.questionnaire_name}
    </if>
    <if test="o.status != -1" >
      and status=#{o.status}
    </if>
    <if test="time1 != -1" >
      and opt_time>=#{time1}
    </if>
    <if test="time2 != -1" >
      and #{time2}>=opt_time
    </if>
  <if test="orderName != '' " >
    order by ${orderName} ${orderAZ}
  </if>
  limit #{pageStart},#{pageSize}
  </select>

  <select id="getQuestionnaireInfoById" parameterType="map" resultType="QuestionnaireInfo">
    select 
    questionnaire_name,id,opt_time,status,is_open,end_time,result_desc
    from tbl_questionnaire_info where id=#{id} 
  </select>
 

  <insert id="insertQuestionnaireSubject" parameterType="QuestionnaireSubject">
    INSERT INTO tbl_questionnaire_subject (content,questionnaire_option,id,questionnaire_id,subject_type,show_order)
    VALUES (#{content}, #{questionnaire_option}, #{id}, #{questionnaire_id}, #{subject_type}, #{show_order})
  </insert>

  <update id="updateQuestionnaireSubject" parameterType="QuestionnaireSubject">
    update tbl_questionnaire_subject set 
    content=#{content},questionnaire_option=#{questionnaire_option},questionnaire_id=#{questionnaire_id},subject_type=#{subject_type},show_order=#{show_order}
    where id=#{id}
  </update>

  <delete id="deleteQuestionnaireSubject" parameterType="map">
    delete from tbl_questionnaire_subject where id=#{id}
  </delete>

  <select id="getQuestionnaireSubjectListCount" parameterType="map" resultType="int">
    select count(*) as value 
    from tbl_questionnaire_subject where 1=1 
    <if test="o.questionnaire_id != -1" >
      and questionnaire_id=#{o.questionnaire_id}
    </if>
    <if test="o.subject_type != -1" >
      and subject_type=#{o.subject_type}
    </if>
  </select>

  <select id="getQuestionnaireSubjectPageList" parameterType="map" resultType="QuestionnaireSubject">
    select 
    content,questionnaire_option,id,questionnaire_id,subject_type,show_order
    from tbl_questionnaire_subject where 1=1 
    <if test="o.questionnaire_id != -1" >
      and questionnaire_id=#{o.questionnaire_id}
    </if>
    <if test="o.subject_type != -1" >
      and subject_type=#{o.subject_type}
    </if>
  <if test="orderName != '' " >
    order by ${orderName} ${orderAZ}
  </if>
  limit #{pageStart},#{pageSize}
  </select>

  <select id="getQuestionnaireSubjectById" parameterType="map" resultType="QuestionnaireSubject">
    select 
    content,questionnaire_option,id,questionnaire_id,subject_type,show_order
    from tbl_questionnaire_subject where id=#{id} 
  </select>
  
  <select id="getQuestionnaireSubjectByQuestionnaireId" parameterType="map" resultType="QuestionnaireSubject">
    select 
    content,questionnaire_option,id,questionnaire_id,subject_type,show_order
    from tbl_questionnaire_subject where questionnaire_id=#{questionnaire_id} 
  </select>

   <insert id="insertQuestionnaireResult" parameterType="QuestionnaireResult">
    INSERT INTO tbl_questionnaire_result (subjective_content,id,user_code,user_name,questionnaire_id,question_id,option_value,opt_time)
    VALUES (#{subjective_content},#{id}, #{user_code}, #{user_name}, #{questionnaire_id}, #{question_id}, #{option_value}, #{opt_time})
  </insert>

  <update id="updateQuestionnaireResult" parameterType="QuestionnaireResult">
    update tbl_questionnaire_result set 
     subjective_content=#{subjective_content},user_code=#{user_code},user_name=#{user_name},questionnaire_id=#{questionnaire_id},question_id=#{question_id},option_value=#{option_value},opt_time=#{opt_time}
    where id=#{id}
  </update>

  <delete id="deleteQuestionnaireResult" parameterType="map">
    delete from tbl_questionnaire_result where id=#{id}
  </delete>

  <select id="getQuestionnaireResultListCount" parameterType="map" resultType="int">
    select count(*) as value 
    from tbl_questionnaire_result where 1=1 
    <if test="o.user_code != '' and o.user_code != null" >
      and user_code=#{o.user_code}
    </if>
    <if test="o.question_id != -1" >
      and question_id=#{o.question_id}
    </if>
    <if test="time1 != -1" >
      and opt_time>=#{time1}
    </if>
    <if test="time2 != -1" >
      and #{time2}>=opt_time
    </if>
  </select>

  <select id="getQuestionnaireResultPageList" parameterType="map" resultType="QuestionnaireResult">
    select 
    subjective_content,id,user_code,user_name,questionnaire_id,question_id,option_value,opt_time
    from tbl_questionnaire_result where 1=1 
    <if test="o.user_code != '' and o.user_code != null" >
      and user_code=#{o.user_code}
    </if>
    <if test="o.question_id != -1" >
      and question_id=#{o.question_id}
    </if>
    <if test="time1 != -1" >
      and opt_time>=#{time1}
    </if>
    <if test="time2 != -1" >
      and #{time2}>=opt_time
    </if>
  <if test="orderName != '' " >
    order by ${orderName} ${orderAZ}
  </if>
  limit #{pageStart},#{pageSize}
  </select>

  <select id="getQuestionnaireResultById" parameterType="map" resultType="QuestionnaireResult">
    select 
    subjective_content,id,user_code,user_name,questionnaire_id,question_id,option_value,opt_time
    from tbl_questionnaire_result where id=#{id} 
  </select>
  
  <select id="getQuestionnaireResultByUserCode" parameterType="map" resultType="QuestionnaireResult">
    select 
    subjective_content,id,user_code,user_name,questionnaire_id,question_id,option_value,opt_time
    from tbl_questionnaire_result where user_code=#{user_code} and questionnaire_id=#{questionnaire_id}
  </select>
  
  <select id="getQuestionnaireResultByQestionnaireIdCount" parameterType="map" resultType="QuestionnaireResult">
    select distinct(user_code) as user_code
    from tbl_questionnaire_result where questionnaire_id=#{questionnaire_id} 
  </select>
  
  <select id="getQuestionnaireResultByQestionnaireId" parameterType="map" resultType="QuestionnaireResult">
    select 
    subjective_content,id,user_code,user_name,questionnaire_id,question_id,option_value,opt_time
    from tbl_questionnaire_result where questionnaire_id=#{questionnaire_id} 
  </select>

  <insert id="insertQuestionnaireBand" parameterType="QuestionnaireBand">
    INSERT INTO tbl_questionnaire_band (subject_type,questionnaire_option,content,id)
    VALUES (#{subject_type}, #{questionnaire_option}, #{content}, #{id})
  </insert>

  <update id="updateQuestionnaireBand" parameterType="QuestionnaireBand">
    update tbl_questionnaire_band set 
    subject_type=#{subject_type},questionnaire_option=#{questionnaire_option},content=#{content}
    where id=#{id}
  </update>

  <delete id="deleteQuestionnaireBand" parameterType="map">
    delete from tbl_questionnaire_band where id=#{id}
  </delete>

  <select id="getQuestionnaireBandListCount" parameterType="map" resultType="int">
    select count(*) as value 
    from tbl_questionnaire_band where 1=1 
    <if test="o.subject_type != '' and o.subject_type != null" >
      and subject_type=#{o.subject_type}
    </if>
    <if test="o.content != '' and o.content != null" >
      and content like '%${o.content}%'
    </if>
  </select>

  <select id="getQuestionnaireBandPageList" parameterType="map" resultType="QuestionnaireBand">
    select 
    subject_type,questionnaire_option,content,id
    from tbl_questionnaire_band where 1=1 
    <if test="o.subject_type != '' and o.subject_type != null" >
      and subject_type=#{o.subject_type}
    </if>
    <if test="o.content != '' and o.content != null" >
      and content like '%${o.content}%'
    </if>
  <if test="orderName != '' " >
    order by ${orderName} ${orderAZ}
  </if>
  limit #{pageStart},#{pageSize}
  </select>

  <select id="getQuestionnaireBandById" parameterType="map" resultType="QuestionnaireBand">
    select 
    subject_type,questionnaire_option,content,id
    from tbl_questionnaire_band where id=#{id} 
  </select>
 
 
</mapper>