<?xml version="1.0" encoding="UTF-8"?>
<!DOCTYPE mapper PUBLIC "-//mybatis.org//DTD Mapper 3.0//EN" 
"http://mybatis.org/dtd/mybatis-3-mapper.dtd">
<mapper namespace="com.helpyouworkeasy.persistence.ResourceMapper">

  <insert id="insertResourceInfo" parameterType="ResourceInfo">
    INSERT INTO tbl_resource_info (thumnail_pic,resource_type,resource_name,resource_des,resource_path,tag,ext1,file_type,ext2,create_user_code,create_user_name,id,create_time,status,is_deleted)
    VALUES (#{thumnail_pic}, #{resource_type}, #{resource_name}, #{resource_des}, #{resource_path}, #{tag}, #{ext1}, #{file_type}, #{ext2}, #{create_user_code}, #{create_user_name}, #{id}, #{create_time}, #{status}, #{is_deleted})
  </insert>

  <update id="updateResourceInfo" parameterType="ResourceInfo">
    update tbl_resource_info set 
     resource_path=#{resource_path},resource_type=#{resource_type},resource_name=#{resource_name},resource_des=#{resource_des},tag=#{tag},ext1=#{ext1},file_type=#{file_type},ext2=#{ext2},status=#{status} 
    where id=#{id}
  </update>

  <update id="deleteResourceInfo" parameterType="map">
    update tbl_resource_info set is_deleted=1 where id=#{id}
  </update>

  <select id="getResourceInfoListCount" parameterType="map" resultType="int">
    select count(*) as value 
    from tbl_resource_info where is_deleted=0 
    <if test="o.resource_type != '' and o.resource_type != null" >
      and resource_type=#{o.resource_type}
    </if>
    <if test="o.tag != '' and o.tag != null" >
      and tag like '%${o.tag}%'
    </if>
    <if test="o.resource_name != '' and o.resource_name != null" >
      and resource_name like '%${o.resource_name}%'
    </if>
    <if test="o.file_type != '' and o.file_type != null" >
      and file_type=#{o.file_type}
    </if>
    <if test="o.create_user_code != '' and o.create_user_code != null" >
      and create_user_code=#{o.create_user_code}
    </if>
    <if test="o.status != -1" >
      and status=#{o.status}
    </if>
    <if test="time1 != -1" >
      and create_time>=#{time1}
    </if>
    <if test="time2 != -1" >
      and #{time2}>=create_time
    </if>
  </select>

  <select id="getResourceInfoPageList" parameterType="map" resultType="ResourceInfo">
    select 
    thumnail_pic,resource_type,resource_name,resource_des,resource_path,tag,ext1,file_type,ext2,create_user_code,create_user_name,id,create_time,status,is_deleted
    from tbl_resource_info where is_deleted=0 
    <if test="o.resource_type != '' and o.resource_type != null" >
      and resource_type=#{o.resource_type}
    </if>
    <if test="o.tag != '' and o.tag != null" >
      and tag like '%${o.tag}%'
    </if>
    <if test="o.resource_name != '' and o.resource_name != null" >
      and resource_name like '%${o.resource_name}%'
    </if>
    <if test="o.file_type != '' and o.file_type != null" >
      and file_type=#{o.file_type}
    </if>
    <if test="o.create_user_code != '' and o.create_user_code != null" >
      and create_user_code=#{o.create_user_code}
    </if>
    <if test="o.status != -1" >
      and status=#{o.status}
    </if>
    <if test="time1 != -1" >
      and create_time>=#{time1}
    </if>
    <if test="time2 != -1" >
      and #{time2}>=create_time
    </if>
  <if test="orderName != '' " >
    order by ${orderName} ${orderAZ}
  </if>
  limit #{pageStart},#{pageSize}
  </select>

  <select id="getResourceInfoById" parameterType="map" resultType="ResourceInfo">
    select 
    thumnail_pic,resource_type,resource_name,resource_des,resource_path,tag,ext1,file_type,ext2,create_user_code,create_user_name,id,create_time,status,is_deleted
    from tbl_resource_info where id=#{id} 
  </select>

  <update id="updateResourceFilePath" parameterType="map">
    update tbl_resource_info set 
     resource_path=#{resource_path} 
    where id=#{id}
  </update>
  
  <update id="updateResourceThumnailPic" parameterType="map">
    update tbl_resource_info set 
     thumnail_pic=#{thumnail_pic} 
    where id=#{id}
  </update>

</mapper>