<?xml version="1.0" encoding="UTF-8"?>
<!DOCTYPE mapper PUBLIC "-//mybatis.org//DTD Mapper 3.0//EN" 
"http://mybatis.org/dtd/mybatis-3-mapper.dtd">
<mapper namespace="com.helpyouworkeasy.persistence.StaffTransferMapper">
  <insert id="insertStaffTransfer" parameterType="StaffTransfer">
    INSERT INTO tbl_staff_transfer (employee_code,employee_name,filiale,dept,job_title,apply_filiale,apply_dept,apply_job_title,status,id,entry_time,apply_transfer_time,apply_time)
    VALUES (#{employee_code}, #{employee_name}, #{filiale}, #{dept}, #{job_title}, #{apply_filiale}, #{apply_dept}, #{apply_job_title}, #{status}, #{id}, #{entry_time}, #{apply_transfer_time}, #{apply_time})
  </insert>

  <update id="updateStaffTransfer" parameterType="StaffTransfer">
    update tbl_staff_transfer set 
    employee_code=#{employee_code},employee_name=#{employee_name},filiale=#{filiale},dept=#{dept},job_title=#{job_title},apply_filiale=#{apply_filiale},apply_dept=#{apply_dept},apply_job_title=#{apply_job_title},status=#{status},entry_time=#{entry_time},apply_transfer_time=#{apply_transfer_time},apply_time=#{apply_time}
    where id=#{id}
  </update>

  <select id="getStaffTransferListCount" parameterType="map" resultType="int">
    select count(*) as value 
    from tbl_staff_transfer where 1=1 
    <if test="o.employee_name != '' and o.employee_name != null" >
      and employee_name=#{o.employee_name}
    </if>
    <if test="o.status != '' and o.status != null" >
      and status=#{o.status}
    </if>
    <if test="time1 != -1" >
      and apply_time>=#{time1}
    </if>
    <if test="time2 != -1" >
      and #{time2}>=apply_time
    </if>
  </select>

  <select id="getStaffTransferPageList" parameterType="map" resultType="StaffTransfer">
    select 
    employee_code,employee_name,filiale,dept,job_title,apply_filiale,apply_dept,apply_job_title,status,id,entry_time,apply_transfer_time,apply_time
    from tbl_staff_transfer where 1=1 
    <if test="o.employee_name != '' and o.employee_name != null" >
      and employee_name=#{o.employee_name}
    </if>
    <if test="o.status != '' and o.status != null" >
      and status=#{o.status}
    </if>
    <if test="time1 != -1" >
      and apply_time>=#{time1}
    </if>
    <if test="time2 != -1" >
      and #{time2}>=apply_time
    </if>
  <if test="orderName != '' " >
    order by ${orderName} ${orderAZ}
  </if>
  limit #{pageStart},#{pageSize}
  </select>

  <select id="getStaffTransferByUserCode" parameterType="StaffTransfer" resultType="StaffTransfer">
    select *
    from tbl_staff_transfer
    where 1=1
       <if test="employee_code !='' and employee_code != null">
          and employee_code=#{employee_code}
       </if>
       <if test="id != 0">
          and id=#{id}
       </if>
  </select>

  <update id="updateApplyStatus" parameterType="map">
    update tbl_staff_transfer set status=#{status} where id=#{apply_id}
  </update>
  
  <select id="getStaffTransferById" parameterType="long" resultType="StaffTransfer">
    select *
    from tbl_staff_transfer
    where id=#{id}
  </select>
</mapper>