<?xml version="1.0" encoding="UTF-8"?>
<!DOCTYPE mapper PUBLIC "-//mybatis.org//DTD Mapper 3.0//EN" 
"http://mybatis.org/dtd/mybatis-3-mapper.dtd">
<mapper namespace="com.helpyouworkeasy.persistence.VoteMapper">

  <insert id="insertVoteResult" parameterType="VoteResult">
    INSERT INTO tbl_vote_result (user_code,user_name,id,vote_id,choose_option)
    VALUES (#{user_code}, #{user_name}, #{id}, #{vote_id}, #{choose_option})
  </insert>

  <update id="updateVoteResult" parameterType="VoteResult">
    update tbl_vote_result set 
    user_code=#{user_code},user_name=#{user_name},vote_id=#{vote_id},choose_option=#{choose_option}
    where id=#{id}
  </update>

  <delete id="deleteVoteResult" parameterType="map">
    delete from tbl_vote_result where id=#{id}
  </delete>

  <select id="getVoteResultListCount" parameterType="map" resultType="int">
    select count(*) as value 
    from tbl_vote_result where 1=1 
    <if test="o.user_code != '' and o.user_code != null" >
      and user_code=#{o.user_code}
    </if>
    <if test="o.vote_id != -1" >
      and vote_id=#{o.vote_id}
    </if>
  </select>

  <select id="getVoteResultPageList" parameterType="map" resultType="VoteResult">
    select 
    user_code,user_name,id,vote_id,choose_option
    from tbl_vote_result where 1=1 
    <if test="o.user_code != '' and o.user_code != null" >
      and user_code=#{o.user_code}
    </if>
    <if test="o.vote_id != -1" >
      and vote_id=#{o.vote_id}
    </if>
  <if test="orderName != '' " >
    order by ${orderName} ${orderAZ}
  </if>
  limit #{pageStart},#{pageSize}
  </select>

  <select id="getVoteResultById" parameterType="map" resultType="VoteResult">
    select 
    user_code,user_name,id,vote_id,choose_option
    from tbl_vote_result where id=#{id} 
  </select>
  
  <select id="getVoteResultByUserId" parameterType="map" resultType="VoteResult">
    select 
    user_code,user_name,id,vote_id,choose_option
    from tbl_vote_result where vote_id=#{vote_id} and user_code=#{user_code}
  </select>
  
  <select id="getVoteResultListByVoteId" parameterType="map" resultType="VoteResult">
    select 
    user_code,user_name,id,vote_id,choose_option
    from tbl_vote_result where vote_id=#{vote_id} 
  </select>

  <insert id="insertVoteInfo" parameterType="VoteInfo">
    INSERT INTO tbl_vote_info (vote_title,create_user,id,start_time,end_time,status,vote_type)
    VALUES (#{vote_title}, #{create_user}, #{id}, #{start_time}, #{end_time}, #{status},#{vote_type})
  </insert>

  <update id="updateVoteInfo" parameterType="VoteInfo">
    update tbl_vote_info set 
    vote_title=#{vote_title},create_user=#{create_user},start_time=#{start_time},end_time=#{end_time},status=#{status},vote_type=#{vote_type}
    where id=#{id}
  </update>

  <delete id="deleteVoteInfo" parameterType="map">
    delete from tbl_vote_info where id=#{id}
  </delete>

  <select id="getVoteInfoListCount" parameterType="map" resultType="int">
    select count(*) as value 
    from tbl_vote_info where 1=1 
    <if test="o.vote_title != '' and o.vote_title != null" >
      and vote_title like '%${o.vote_title}%'
    </if>
    <if test="o.create_user != '' and o.create_user != null" >
      and create_user=#{o.create_user}
    </if>
    <if test="o.status != -1" >
      and status=#{o.status}
    </if>
    <if test="time1 != -1" >
      and start_time>=#{time1}
    </if>
    <if test="time2 != -1" >
      and #{time2}>=start_time
    </if>
  </select>

  <select id="getVoteInfoPageList" parameterType="map" resultType="VoteInfo">
    select 
    vote_title,create_user,id,start_time,end_time,status,vote_type
    from tbl_vote_info where 1=1 
    <if test="o.vote_title != '' and o.vote_title != null" >
      and vote_title like '%${o.vote_title}%'
    </if>
    <if test="o.create_user != '' and o.create_user != null" >
      and create_user=#{o.create_user}
    </if>
    <if test="o.status != -1" >
      and status=#{o.status}
    </if>
    <if test="time1 != -1" >
      and start_time>=#{time1}
    </if>
    <if test="time2 != -1" >
      and #{time2}>=start_time
    </if>
  <if test="orderName != '' " >
    order by ${orderName} ${orderAZ}
  </if>
  limit #{pageStart},#{pageSize}
  </select>

  <select id="getVoteInfoById" parameterType="map" resultType="VoteInfo">
    select 
    vote_title,create_user,id,start_time,end_time,status,vote_type
    from tbl_vote_info where id=#{id} 
  </select>
  
  <insert id="insertVoteOption" parameterType="VoteOption">
    INSERT INTO tbl_vote_option (option_title,file_path,file_type,thumbnail,id,vote_id,vote_num,show_order)
    VALUES (#{option_title}, #{file_path}, #{file_type}, #{thumbnail}, #{id}, #{vote_id}, #{vote_num}, #{show_order})
  </insert>

  <update id="updateVoteOption" parameterType="VoteOption">
    update tbl_vote_option set 
    option_title=#{option_title},file_path=#{file_path},file_type=#{file_type},thumbnail=#{thumbnail},vote_id=#{vote_id},vote_num=#{vote_num},show_order=#{show_order}
    where id=#{id}
  </update>

  <delete id="deleteVoteOption" parameterType="map">
    delete from tbl_vote_option where id=#{id}
  </delete>

  <select id="getVoteOptionListCount" parameterType="map" resultType="int">
    select count(*) as value 
    from tbl_vote_option where 1=1 
    <if test="o.vote_id != -1" >
      and vote_id=#{o.vote_id}
    </if>
  </select>

  <select id="getVoteOptionPageList" parameterType="map" resultType="VoteOption">
    select 
    option_title,file_path,file_type,id,vote_id,vote_num,show_order,thumbnail
    from tbl_vote_option where 1=1 
    <if test="o.vote_id != -1" >
      and vote_id=#{o.vote_id}
    </if>
  <if test="orderName != '' " >
    order by ${orderName} ${orderAZ}
  </if>
  limit #{pageStart},#{pageSize}
  </select>

  <select id="getVoteOptionById" parameterType="map" resultType="VoteOption">
    select 
    option_title,file_path,file_type,id,vote_id,vote_num,show_order,thumbnail
    from tbl_vote_option where id=#{id} 
  </select>

  <select id="getVoteOptionList" parameterType="map" resultType="VoteOption">
    select 
    option_title,id,vote_id,vote_num,show_order,file_path,file_type,thumbnail  
    from tbl_vote_option where vote_id=#{vote_id}
    order by show_order asc
  </select>


</mapper>